<?xml version='1.0' encoding='utf-8'?>
<!DOCTYPE hibernate-configuration PUBLIC
    "-//Hibernate/Hibernate Configuration DTD//EN"
    "http://www.hibernate.org/dtd/hibernate-configuration-3.0.dtd">
<hibernate-configuration>
  <session-factory>
    <property name="connection.url">jdbc:mysql://localhost/students?serverTimezone=UTC</property>
    <property name="connection.driver_class">com.mysql.cj.jdbc.Driver</property>
    <property name="hibernate.dialect">org.hibernate.dialect.MySQL5Dialect</property>

    <property name="connection.username">root</property>
    <property name="connection.password"> </property>
    <property name="hibernate.hbm2ddl.auto">update</property>
    <property name="show_sql">true</property>

    <mapping resource="Student.hbm.xml"/>
  </session-factory>
</hibernate-configuration>